GivenName,Surname
James,Leake
Teresa,Smith
Lee,Davis
Ivette,Williams
Edelmira,Cunningham
Joy,Horgan
Lori,Wright
Tammy,Dailey
Joseph,Padula
Linda,Gilbert
Edward,Burt
Larry,McCarthy
Mary,Johnson
Michael,Shackelford
Jennifer,Thomson
Donna,Spaulding
Bobby,Sears
Kimberly,Carman
Russell,Stafford
Simon,Arp
Justin,McNeal
Patricia,Medina
James,Chalmers
Richard,Reed
Marilyn,Draves
Miriam,Downs
Lawrence,Thaler
Christian,Trahan
Mary,Anderson
Jonathan,Rivera
Amber,Holmes
Charles,Townson
Michael,Reynolds
Shawn,Irwin
Jesus,Smith
Pamela,Solis
Robert,Novak
Blanca,King
Dallas,Hardin
Lorraine,Haney
Rosemary,Black
Miguel,Davison
Steven,Grant
Alan,Williams
Jacqueline,Velasquez
Miranda,Jenkinson
Eddie,Luciani
Doris,Evans
George,Babcock
Anthony,Litz
Scott,Reynolds
Josefina,Thomas
Eunice,Lewis
Oswaldo,Kirschner
Pauline,Allen
Eugene,Barrow
Michael,Keenan
Jane,Bueche
Wanda,Gutierrez
Kevin,Faust
David,Grubbs
Richard,Stanton
Denver,Porter
Sara,Contreras
Sharon,Ladd
Allan,Cash
Ana,Jenkins
Nathaniel,Watson
Paula,Lowry
Carl,Antonucci
Charles,French
Maritza,Baker
Michael,Atchison
Raymond,Rodriguez
Esther,Campbell
Wilma,Galloway
Norman,Loy
Novella,Hopkins
Lynn,Brookshire
William,Erdmann
Carmen,Birch
Carol,Hubbard
Frances,Crum
Ruth,Hawkins
Chris,Roney
Christine,Yeager
Charles,Thorne
Tasha,Whitworth
Carlton,Tregre
Danelle,Deaton
David,Whitehead
Jamal,Burd
Bessie,Wise
Kevin,Thomas
Veronica,Eckert
Bobbie,Paige
Jo,Fish
Bess,Jones
Santos,Foster
Michael,Winton
